{
  "nodes": [
    {
      "id": "sensor",
      "label": "Sensor",
      "baseProperties": {
        "availableMemory": 1,
        "memoryPrice": 500,
        "performanceIndicator": 0.001
      },
      "flowProperties": {
        "usedMemory": 0
      }
    },
    {
      "id": "pack_cntrl",
      "label": "Packaging Controller",
      "baseProperties": {
        "availableMemory": 1,
        "memoryPrice": 500,
        "performanceIndicator": 0.05
      },
      "flowProperties": {
        "usedMemory": 1
      }
    },
    {
      "id": "camera",
      "label": "Camera",
      "baseProperties": {
        "availableMemory": 1,
        "memoryPrice": 500,
        "performanceIndicator": 0.001
      },
      "flowProperties": {
        "usedMemory": 0
      }
    },
    {
      "id": "prod_cntrl",
      "label": "Production Controller",
      "baseProperties": {
        "availableMemory": 10,
        "memoryPrice": 250,
        "performanceIndicator": 0.05
      },
      "flowProperties": {
        "usedMemory": 0
      }
    },
    {
      "id": "wgw",
      "label": "Wireless Gateway",
      "baseProperties": {
        "availableMemory": 100,
        "memoryPrice": 250,
        "performanceIndicator": 0.1
      },
      "flowProperties": {
        "usedMemory": 10
      }
    },
    {
      "id": "fctry_datacenter",
      "label": "Factory Data Center",
      "baseProperties": {
        "availableMemory": 5000,
        "memoryPrice": 5,
        "performanceIndicator": 0.5
      },
      "flowProperties": {
        "usedMemory": 2510
      }
    },
    {
      "id": "office_datacenter",
      "label": "Central Office Data Center",
      "baseProperties": {
        "availableMemory": 50000,
        "memoryPrice": 5,
        "performanceIndicator": 5
      },
      "flowProperties": {
        "usedMemory": 0
      }
    },
    {
      "id": "cloud",
      "label": "Cloud",
      "baseProperties": {
        "availableMemory": 100000,
        "memoryPrice": 2,
        "performanceIndicator": 25
      },
      "flowProperties": {
        "usedMemory": 1000
      }
    }
  ],
  "connections": [
    {
      "from": "camera",
      "to": "prod_cntrl",
      "baseProperties": {
        "availableBandwidth": 100000000,
        "bandwidthPrice": 0,
        "latency": 0.0001
      },
      "id": "a41fcb0a-4440-45ae-9394-3bad28451197",
      "flowProperties": {
        "usedBandwidth": 10
      }
    },
    {
      "from": "prod_cntrl",
      "to": "camera",
      "baseProperties": {
        "availableBandwidth": 100000000,
        "bandwidthPrice": 0,
        "latency": 0.0001
      },
      "id": "1f6f97b5-3273-43bb-b052-7536f16f6f75",
      "flowProperties": {
        "usedBandwidth": 0
      }
    },
    {
      "from": "sensor",
      "to": "pack_cntrl",
      "baseProperties": {
        "availableBandwidth": 100000000,
        "bandwidthPrice": 0,
        "latency": 0.0001
      },
      "id": "baf4041e-d6ae-4200-8335-f8ff0471e87d",
      "flowProperties": {
        "usedBandwidth": 1
      }
    },
    {
      "from": "pack_cntrl",
      "to": "sensor",
      "baseProperties": {
        "availableBandwidth": 100000000,
        "bandwidthPrice": 0,
        "latency": 0.0001
      },
      "id": "a74aced1-435f-420d-b531-8a2620876abb",
      "flowProperties": {
        "usedBandwidth": 0
      }
    },
    {
      "from": "prod_cntrl",
      "to": "wgw",
      "baseProperties": {
        "availableBandwidth": 1000000,
        "bandwidthPrice": 5,
        "latency": 0.05
      },
      "id": "3bdc5f80-4e0d-409c-b3a2-d1254d8a429f",
      "flowProperties": {
        "usedBandwidth": 11
      }
    },
    {
      "from": "wgw",
      "to": "prod_cntrl",
      "baseProperties": {
        "availableBandwidth": 1000000,
        "bandwidthPrice": 5,
        "latency": 0.05
      },
      "id": "923494f3-6b14-4459-ba49-c45751c06e26",
      "flowProperties": {
        "usedBandwidth": 1
      }
    },
    {
      "from": "pack_cntrl",
      "to": "wgw",
      "baseProperties": {
        "availableBandwidth": 1000000,
        "bandwidthPrice": 5,
        "latency": 0.05
      },
      "id": "5892c65d-ab36-432e-b045-fbebc72d7a26",
      "flowProperties": {
        "usedBandwidth": 2
      }
    },
    {
      "from": "wgw",
      "to": "pack_cntrl",
      "baseProperties": {
        "availableBandwidth": 1000000,
        "bandwidthPrice": 5,
        "latency": 0.05
      },
      "id": "aee0e89a-901c-4bf4-aa4f-10fb4c4ed529",
      "flowProperties": {
        "usedBandwidth": 1
      }
    },
    {
      "from": "wgw",
      "to": "fctry_datacenter",
      "baseProperties": {
        "availableBandwidth": 1000000000,
        "bandwidthPrice": 0,
        "latency": 0.01
      },
      "id": "74dcbfe8-89ca-4085-a56b-9abf2bcff9af",
      "flowProperties": {
        "usedBandwidth": 11.1
      }
    },
    {
      "from": "fctry_datacenter",
      "to": "wgw",
      "baseProperties": {
        "availableBandwidth": 1000000000,
        "bandwidthPrice": 0,
        "latency": 0.01
      },
      "id": "9b48c95d-616f-4642-b3c3-84863bb0fed9",
      "flowProperties": {
        "usedBandwidth": 1
      }
    },
    {
      "from": "fctry_datacenter",
      "to": "office_datacenter",
      "baseProperties": {
        "availableBandwidth": 10000000000,
        "bandwidthPrice": 1,
        "latency": 0.05
      },
      "id": "7c3f2de1-faec-4645-a3f8-4ad51e1fe61f",
      "flowProperties": {
        "usedBandwidth": 1
      }
    },
    {
      "from": "office_datacenter",
      "to": "fctry_datacenter",
      "baseProperties": {
        "availableBandwidth": 10000000000,
        "bandwidthPrice": 1,
        "latency": 0.05
      },
      "id": "a2ffab4c-4fb8-4e91-b901-440186143fd3",
      "flowProperties": {
        "usedBandwidth": 0
      }
    },
    {
      "from": "fctry_datacenter",
      "to": "cloud",
      "baseProperties": {
        "availableBandwidth": 1000000000,
        "bandwidthPrice": 10,
        "latency": 0.1
      },
      "id": "c7dee8b1-e866-4c16-8eb4-6a803b7a728b",
      "flowProperties": {
        "usedBandwidth": 1
      }
    },
    {
      "from": "cloud",
      "to": "fctry_datacenter",
      "baseProperties": {
        "availableBandwidth": 1000000000,
        "bandwidthPrice": 10,
        "latency": 0.1
      },
      "id": "670efa38-992f-487f-9c0c-f46938c7928a",
      "flowProperties": {
        "usedBandwidth": 0.1
      }
    },
    {
      "from": "office_datacenter",
      "to": "cloud",
      "baseProperties": {
        "availableBandwidth": 10000000000,
        "bandwidthPrice": 10,
        "latency": 0.05
      },
      "id": "857ef7a1-cba1-47ce-ab2a-f87ae6656b47",
      "flowProperties": {
        "usedBandwidth": 0
      }
    },
    {
      "from": "cloud",
      "to": "office_datacenter",
      "baseProperties": {
        "availableBandwidth": 10000000000,
        "bandwidthPrice": 10,
        "latency": 0.05
      },
      "id": "328eb724-3d4c-497d-97fb-7e9244172e4d",
      "flowProperties": {
        "usedBandwidth": 0
      }
    }
  ],
  "modules": [
    {
      "id": "camera",
      "label": "Camera",
      "type": "sensor",
      "baseProperties": {
        "mode": "individual",
        "requiredMemory": 0,
        "outputRate": 10
      },
      "flowProperties": {
        "notReachedBecauseOfDataPath": [],
        "actualProcessingTime": 0,
        "processingCost": 0
      }
    },
    {
      "id": "cfd",
      "label": "Check for Defects",
      "type": "service",
      "baseProperties": {
        "mode": "individual",
        "requiredMemory": 10,
        "outputRatio": 0.1,
        "referenceProcessingTime": 0.01
      },
      "flowProperties": {
        "notReachedBecauseOfDataPath": [],
        "actualProcessingTime": 0.02,
        "processingCost": 5
      }
    },
    {
      "id": "cntrl",
      "label": "Production Controller",
      "type": "sink",
      "baseProperties": {
        "requiredMemory": 0
      },
      "flowProperties": {
        "notReachedBecauseOfDataPath": [],
        "actualProcessingTime": 0,
        "processingCost": 0
      }
    },
    {
      "id": "cntrl2",
      "label": "Production Controller",
      "type": "sensor",
      "baseProperties": {
        "mode": "individual",
        "requiredMemory": 0,
        "outputRate": 1
      },
      "flowProperties": {
        "notReachedBecauseOfDataPath": [],
        "actualProcessingTime": 0,
        "processingCost": 0
      }
    },
    {
      "id": "sensor",
      "label": "Temperature Sensor",
      "type": "sensor",
      "baseProperties": {
        "mode": "individual",
        "requiredMemory": 0,
        "outputRate": 1
      },
      "flowProperties": {
        "notReachedBecauseOfDataPath": [],
        "actualProcessingTime": 0,
        "processingCost": 0
      }
    },
    {
      "id": "adapt",
      "label": "Adapt Machine",
      "type": "service",
      "baseProperties": {
        "mode": "individual",
        "requiredMemory": 1,
        "outputRatio": 0.5,
        "referenceProcessingTime": 0.002
      },
      "flowProperties": {
        "notReachedBecauseOfDataPath": [],
        "actualProcessingTime": 0.04,
        "processingCost": 500
      }
    },
    {
      "id": "pkgcntrl",
      "label": "Packaging Controller",
      "type": "sink",
      "baseProperties": {
        "requiredMemory": 0
      },
      "flowProperties": {
        "notReachedBecauseOfDataPath": [],
        "actualProcessingTime": 0,
        "processingCost": 0
      }
    },
    {
      "id": "pkgcntrl2",
      "label": "Packaging Controller",
      "type": "sensor",
      "baseProperties": {
        "mode": "individual",
        "requiredMemory": 0,
        "outputRate": 1
      },
      "flowProperties": {
        "notReachedBecauseOfDataPath": [],
        "actualProcessingTime": 0,
        "processingCost": 0
      }
    },
    {
      "id": "aggregate",
      "label": "Aggregate",
      "type": "service",
      "baseProperties": {
        "mode": "individual",
        "requiredMemory": 10,
        "outputRatio": 0.1,
        "referenceProcessingTime": 0.002
      },
      "flowProperties": {
        "notReachedBecauseOfDataPath": [],
        "actualProcessingTime": 0.02,
        "processingCost": 250
      }
    },
    {
      "id": "generatedashboard",
      "label": "Generate Dashboard",
      "type": "service",
      "baseProperties": {
        "mode": "individual",
        "requiredMemory": 2500,
        "outputRatio": 10,
        "referenceProcessingTime": 0.05
      },
      "flowProperties": {
        "notReachedBecauseOfDataPath": [],
        "actualProcessingTime": 0.1,
        "processingCost": 5
      }
    },
    {
      "id": "centraldashboard",
      "label": "Central Office Dashboard",
      "type": "sink",
      "baseProperties": {
        "requiredMemory": 0
      },
      "flowProperties": {
        "notReachedBecauseOfDataPath": [],
        "actualProcessingTime": 0,
        "processingCost": 0
      }
    },
    {
      "id": "predict",
      "label": "Predict Pickup",
      "type": "service",
      "baseProperties": {
        "mode": "individual",
        "requiredMemory": 1000,
        "outputRatio": 0.1,
        "referenceProcessingTime": 0.1
      },
      "flowProperties": {
        "notReachedBecauseOfDataPath": [],
        "actualProcessingTime": 0.004,
        "processingCost": 2
      }
    },
    {
      "id": "prognosis",
      "label": "Logistics Team Prognosis",
      "type": "sink",
      "baseProperties": {
        "requiredMemory": 0
      },
      "flowProperties": {
        "notReachedBecauseOfDataPath": [],
        "actualProcessingTime": 0,
        "processingCost": 0
      }
    }
  ],
  "dataPaths": [
    {
      "from": "camera",
      "to": "cfd",
      "id": "a799d90c-4196-4e61-82c6-946c46e6c62e",
      "flowProperties": {
        "requiredBandwidth": 10,
        "involvedConnections": [
          "a41fcb0a-4440-45ae-9394-3bad28451197",
          "3bdc5f80-4e0d-409c-b3a2-d1254d8a429f",
          "74dcbfe8-89ca-4085-a56b-9abf2bcff9af"
        ],
        "notReachedBecauseOfDataPath": [],
        "transmissionTime": 0.06010000000000001,
        "transmissionCost": 50
      }
    },
    {
      "from": "cfd",
      "to": "cntrl",
      "id": "c9cbe1a6-c4c7-466a-868f-ce6fb74f36de",
      "flowProperties": {
        "requiredBandwidth": 1,
        "involvedConnections": [
          "9b48c95d-616f-4642-b3c3-84863bb0fed9",
          "923494f3-6b14-4459-ba49-c45751c06e26"
        ],
        "notReachedBecauseOfDataPath": [],
        "transmissionTime": 0.060000000000000005,
        "transmissionCost": 5
      }
    },
    {
      "from": "cntrl2",
      "to": "adapt",
      "id": "bf7f456e-3aaf-432d-b6ad-45d8467272d6",
      "flowProperties": {
        "requiredBandwidth": 1,
        "involvedConnections": [
          "3bdc5f80-4e0d-409c-b3a2-d1254d8a429f",
          "aee0e89a-901c-4bf4-aa4f-10fb4c4ed529"
        ],
        "notReachedBecauseOfDataPath": [],
        "transmissionTime": 0.1,
        "transmissionCost": 10
      }
    },
    {
      "from": "sensor",
      "to": "adapt",
      "id": "55d78ea4-67d2-4441-bd55-645b06e33e99",
      "flowProperties": {
        "requiredBandwidth": 1,
        "involvedConnections": [
          "baf4041e-d6ae-4200-8335-f8ff0471e87d"
        ],
        "notReachedBecauseOfDataPath": [],
        "transmissionTime": 0.0001,
        "transmissionCost": 0
      }
    },
    {
      "from": "adapt",
      "to": "pkgcntrl",
      "id": "a19c9592-a7be-4558-9429-f00019c63b54",
      "flowProperties": {
        "requiredBandwidth": 1,
        "involvedConnections": [],
        "notReachedBecauseOfDataPath": [],
        "transmissionTime": 0,
        "transmissionCost": 0
      }
    },
    {
      "from": "pkgcntrl2",
      "to": "aggregate",
      "id": "ce91efb3-04fb-4565-83ce-95d7a9c9f466",
      "flowProperties": {
        "requiredBandwidth": 1,
        "involvedConnections": [
          "5892c65d-ab36-432e-b045-fbebc72d7a26"
        ],
        "notReachedBecauseOfDataPath": [],
        "transmissionTime": 0.05,
        "transmissionCost": 5
      }
    },
    {
      "from": "aggregate",
      "to": "generatedashboard",
      "id": "89aceaf5-b64b-4548-bff6-0ae20297202b",
      "flowProperties": {
        "requiredBandwidth": 0.1,
        "involvedConnections": [
          "74dcbfe8-89ca-4085-a56b-9abf2bcff9af"
        ],
        "notReachedBecauseOfDataPath": [],
        "transmissionTime": 0.01,
        "transmissionCost": 0
      }
    },
    {
      "from": "generatedashboard",
      "to": "centraldashboard",
      "id": "042f2b4b-b7fc-4b3b-98bd-e8bc9b17914a",
      "flowProperties": {
        "requiredBandwidth": 1,
        "involvedConnections": [
          "7c3f2de1-faec-4645-a3f8-4ad51e1fe61f"
        ],
        "notReachedBecauseOfDataPath": [],
        "transmissionTime": 0.05,
        "transmissionCost": 1
      }
    },
    {
      "from": "pkgcntrl2",
      "to": "predict",
      "id": "cf3bd411-d1c5-42b3-badf-203f339e2b95",
      "flowProperties": {
        "requiredBandwidth": 1,
        "involvedConnections": [
          "5892c65d-ab36-432e-b045-fbebc72d7a26",
          "74dcbfe8-89ca-4085-a56b-9abf2bcff9af",
          "c7dee8b1-e866-4c16-8eb4-6a803b7a728b"
        ],
        "notReachedBecauseOfDataPath": [],
        "transmissionTime": 0.16,
        "transmissionCost": 15
      }
    },
    {
      "from": "predict",
      "to": "prognosis",
      "id": "059fdb28-a454-49ef-920e-25ce3cd2d53f",
      "flowProperties": {
        "requiredBandwidth": 0.1,
        "involvedConnections": [
          "670efa38-992f-487f-9c0c-f46938c7928a"
        ],
        "notReachedBecauseOfDataPath": [],
        "transmissionTime": 0.1,
        "transmissionCost": 1
      }
    }
  ],
  "placements": {
    "centraldashboard": "office_datacenter",
    "prognosis": "fctry_datacenter",
    "pkgcntrl": "pack_cntrl",
    "camera": "camera",
    "cntrl": "prod_cntrl",
    "sensor": "sensor",
    "generatedashboard": "fctry_datacenter",
    "aggregate": "wgw",
    "cfd": "fctry_datacenter",
    "adapt": "pack_cntrl",
    "predict": "cloud"
  },
  "flowMetrics": {
    "coherentFlowExists": true,
    "totalProcessingCost": 762,
    "totalProcessingTime": 0.184,
    "totalTransmissionCost": 87,
    "totalTransmissionTime": 0.5902,
    "underProvisionedNodes": [],
    "underProvisionedConnections": [],
    "impossiblePaths": []
  }
}