{
  "nodes": [
    {
      "id": "sensor",
      "label": "Sensor",
      "baseProperties": {
        "availableMemory": 1,
        "memoryPrice": 500,
        "performanceIndicator": 0.001
      },
      "flowProperties": {
        "usedMemory": 0
      }
    },
    {
      "id": "pack_cntrl",
      "label": "Packaging Controller",
      "baseProperties": {
        "availableMemory": 1,
        "memoryPrice": 500,
        "performanceIndicator": 0.05
      },
      "flowProperties": {
        "usedMemory": 1
      }
    },
    {
      "id": "camera",
      "label": "Camera",
      "baseProperties": {
        "availableMemory": 1,
        "memoryPrice": 500,
        "performanceIndicator": 0.001
      },
      "flowProperties": {
        "usedMemory": 0
      }
    },
    {
      "id": "prod_cntrl",
      "label": "Production Controller",
      "baseProperties": {
        "availableMemory": 10,
        "memoryPrice": 250,
        "performanceIndicator": 0.05
      },
      "flowProperties": {
        "usedMemory": 0
      }
    },
    {
      "id": "wgw",
      "label": "Wireless Gateway",
      "baseProperties": {
        "availableMemory": 100,
        "memoryPrice": 250,
        "performanceIndicator": 0.1
      },
      "flowProperties": {
        "usedMemory": 10
      }
    },
    {
      "id": "fctry_datacenter",
      "label": "Factory Data Center",
      "baseProperties": {
        "availableMemory": 5000,
        "memoryPrice": 5,
        "performanceIndicator": 0.5
      },
      "flowProperties": {
        "usedMemory": 1010
      }
    },
    {
      "id": "office_datacenter",
      "label": "Central Office Data Center",
      "baseProperties": {
        "availableMemory": 50000,
        "memoryPrice": 5,
        "performanceIndicator": 5
      },
      "flowProperties": {
        "usedMemory": 0
      }
    },
    {
      "id": "cloud",
      "label": "Cloud",
      "baseProperties": {
        "availableMemory": 200000,
        "memoryPrice": 5,
        "performanceIndicator": 50
      },
      "flowProperties": {
        "usedMemory": 2500
      }
    }
  ],
  "connections": [
    {
      "from": "camera",
      "to": "prod_cntrl",
      "baseProperties": {
        "availableBandwidth": 100000000,
        "bandwidthPrice": 0,
        "latency": 0.0001
      },
      "id": "fde9de2f-d5a2-40a5-85c1-88083cc401b3",
      "flowProperties": {
        "usedBandwidth": 10
      }
    },
    {
      "from": "prod_cntrl",
      "to": "camera",
      "baseProperties": {
        "availableBandwidth": 100000000,
        "bandwidthPrice": 0,
        "latency": 0.0001
      },
      "id": "63ea3a8a-6cd4-4b0f-bb73-e218aba61a42",
      "flowProperties": {
        "usedBandwidth": 0
      }
    },
    {
      "from": "sensor",
      "to": "pack_cntrl",
      "baseProperties": {
        "availableBandwidth": 100000000,
        "bandwidthPrice": 0,
        "latency": 0.0001
      },
      "id": "a6d6e909-f336-4832-8098-be1b34f0c833",
      "flowProperties": {
        "usedBandwidth": 1
      }
    },
    {
      "from": "pack_cntrl",
      "to": "sensor",
      "baseProperties": {
        "availableBandwidth": 100000000,
        "bandwidthPrice": 0,
        "latency": 0.0001
      },
      "id": "159d9ea2-aaf5-4f44-b0a1-b83e9848ed36",
      "flowProperties": {
        "usedBandwidth": 0
      }
    },
    {
      "from": "prod_cntrl",
      "to": "wgw",
      "baseProperties": {
        "availableBandwidth": 1000000,
        "bandwidthPrice": 5,
        "latency": 0.05
      },
      "id": "761c4f33-cce9-4ae3-8e30-b4f7f5e9b4ee",
      "flowProperties": {
        "usedBandwidth": 11
      }
    },
    {
      "from": "wgw",
      "to": "prod_cntrl",
      "baseProperties": {
        "availableBandwidth": 1000000,
        "bandwidthPrice": 5,
        "latency": 0.05
      },
      "id": "c9dfaffd-44d7-4db1-910c-754462b27cc4",
      "flowProperties": {
        "usedBandwidth": 1
      }
    },
    {
      "from": "pack_cntrl",
      "to": "wgw",
      "baseProperties": {
        "availableBandwidth": 1000000,
        "bandwidthPrice": 5,
        "latency": 0.05
      },
      "id": "e00850f0-b72e-426f-87fb-455ca818b967",
      "flowProperties": {
        "usedBandwidth": 2
      }
    },
    {
      "from": "wgw",
      "to": "pack_cntrl",
      "baseProperties": {
        "availableBandwidth": 1000000,
        "bandwidthPrice": 5,
        "latency": 0.05
      },
      "id": "83a921fa-9eb0-4fd9-96cd-090126fffc4b",
      "flowProperties": {
        "usedBandwidth": 1
      }
    },
    {
      "from": "wgw",
      "to": "fctry_datacenter",
      "baseProperties": {
        "availableBandwidth": 1000000000,
        "bandwidthPrice": 0,
        "latency": 0.01
      },
      "id": "e090c13a-be19-49ae-8ead-e753ffab3f02",
      "flowProperties": {
        "usedBandwidth": 11.1
      }
    },
    {
      "from": "fctry_datacenter",
      "to": "wgw",
      "baseProperties": {
        "availableBandwidth": 1000000000,
        "bandwidthPrice": 0,
        "latency": 0.01
      },
      "id": "0873ddd5-0aed-4552-b1c5-d41fa9fda399",
      "flowProperties": {
        "usedBandwidth": 1
      }
    },
    {
      "from": "fctry_datacenter",
      "to": "office_datacenter",
      "baseProperties": {
        "availableBandwidth": 10000000000,
        "bandwidthPrice": 1,
        "latency": 0.05
      },
      "id": "cc4e09e0-32c2-4260-8cc4-f5e69cc70c48",
      "flowProperties": {
        "usedBandwidth": 0
      }
    },
    {
      "from": "office_datacenter",
      "to": "fctry_datacenter",
      "baseProperties": {
        "availableBandwidth": 10000000000,
        "bandwidthPrice": 1,
        "latency": 0.05
      },
      "id": "6a49c91b-a655-4780-a602-1ce8974b7da3",
      "flowProperties": {
        "usedBandwidth": 0
      }
    },
    {
      "from": "fctry_datacenter",
      "to": "cloud",
      "baseProperties": {
        "availableBandwidth": 1000000000,
        "bandwidthPrice": 10,
        "latency": 0.1
      },
      "id": "d6840e20-c022-4ce3-9d66-cecd017b37ae",
      "flowProperties": {
        "usedBandwidth": 0.1
      }
    },
    {
      "from": "cloud",
      "to": "fctry_datacenter",
      "baseProperties": {
        "availableBandwidth": 1000000000,
        "bandwidthPrice": 10,
        "latency": 0.1
      },
      "id": "4d787145-589a-45c7-b7a9-dc79e96e01ca",
      "flowProperties": {
        "usedBandwidth": 0
      }
    },
    {
      "from": "office_datacenter",
      "to": "cloud",
      "baseProperties": {
        "availableBandwidth": 10000000000,
        "bandwidthPrice": 10,
        "latency": 0.05
      },
      "id": "69cb3c07-3a0a-48d0-8d84-dbf13d6d3fbf",
      "flowProperties": {
        "usedBandwidth": 0
      }
    },
    {
      "from": "cloud",
      "to": "office_datacenter",
      "baseProperties": {
        "availableBandwidth": 10000000000,
        "bandwidthPrice": 10,
        "latency": 0.05
      },
      "id": "cef59aa9-ac67-41c0-bef0-1176e9636d42",
      "flowProperties": {
        "usedBandwidth": 1
      }
    }
  ],
  "modules": [
    {
      "id": "camera",
      "label": "Camera",
      "type": "sensor",
      "baseProperties": {
        "mode": "individual",
        "requiredMemory": 0,
        "outputRate": 10
      },
      "flowProperties": {
        "notReachedBecauseOfDataPath": [],
        "actualProcessingTime": 0,
        "processingCost": 0
      }
    },
    {
      "id": "cfd",
      "label": "Check for Defects",
      "type": "service",
      "baseProperties": {
        "mode": "individual",
        "requiredMemory": 10,
        "outputRatio": 0.1,
        "referenceProcessingTime": 0.01
      },
      "flowProperties": {
        "notReachedBecauseOfDataPath": [],
        "actualProcessingTime": 0.02,
        "processingCost": 5
      }
    },
    {
      "id": "cntrl",
      "label": "Production Controller",
      "type": "sink",
      "baseProperties": {
        "requiredMemory": 0
      },
      "flowProperties": {
        "notReachedBecauseOfDataPath": [],
        "actualProcessingTime": 0,
        "processingCost": 0
      }
    },
    {
      "id": "cntrl2",
      "label": "Production Controller",
      "type": "sensor",
      "baseProperties": {
        "mode": "individual",
        "requiredMemory": 0,
        "outputRate": 1
      },
      "flowProperties": {
        "notReachedBecauseOfDataPath": [],
        "actualProcessingTime": 0,
        "processingCost": 0
      }
    },
    {
      "id": "sensor",
      "label": "Temperature Sensor",
      "type": "sensor",
      "baseProperties": {
        "mode": "individual",
        "requiredMemory": 0,
        "outputRate": 1
      },
      "flowProperties": {
        "notReachedBecauseOfDataPath": [],
        "actualProcessingTime": 0,
        "processingCost": 0
      }
    },
    {
      "id": "adapt",
      "label": "Adapt Machine",
      "type": "service",
      "baseProperties": {
        "mode": "individual",
        "requiredMemory": 1,
        "outputRatio": 0.5,
        "referenceProcessingTime": 0.002
      },
      "flowProperties": {
        "notReachedBecauseOfDataPath": [],
        "actualProcessingTime": 0.04,
        "processingCost": 500
      }
    },
    {
      "id": "pkgcntrl",
      "label": "Packaging Controller",
      "type": "sink",
      "baseProperties": {
        "requiredMemory": 0
      },
      "flowProperties": {
        "notReachedBecauseOfDataPath": [],
        "actualProcessingTime": 0,
        "processingCost": 0
      }
    },
    {
      "id": "pkgcntrl2",
      "label": "Packaging Controller",
      "type": "sensor",
      "baseProperties": {
        "mode": "individual",
        "requiredMemory": 0,
        "outputRate": 1
      },
      "flowProperties": {
        "notReachedBecauseOfDataPath": [],
        "actualProcessingTime": 0,
        "processingCost": 0
      }
    },
    {
      "id": "aggregate",
      "label": "Aggregate",
      "type": "service",
      "baseProperties": {
        "mode": "individual",
        "requiredMemory": 10,
        "outputRatio": 0.1,
        "referenceProcessingTime": 0.002
      },
      "flowProperties": {
        "notReachedBecauseOfDataPath": [],
        "actualProcessingTime": 0.02,
        "processingCost": 250
      }
    },
    {
      "id": "generatedashboard",
      "label": "Generate Dashboard",
      "type": "service",
      "baseProperties": {
        "mode": "individual",
        "requiredMemory": 2500,
        "outputRatio": 10,
        "referenceProcessingTime": 0.05
      },
      "flowProperties": {
        "notReachedBecauseOfDataPath": [],
        "actualProcessingTime": 0.001,
        "processingCost": 5
      }
    },
    {
      "id": "centraldashboard",
      "label": "Central Office Dashboard",
      "type": "sink",
      "baseProperties": {
        "requiredMemory": 0
      },
      "flowProperties": {
        "notReachedBecauseOfDataPath": [],
        "actualProcessingTime": 0,
        "processingCost": 0
      }
    },
    {
      "id": "predict",
      "label": "Predict Pickup",
      "type": "service",
      "baseProperties": {
        "mode": "individual",
        "requiredMemory": 1000,
        "outputRatio": 0.1,
        "referenceProcessingTime": 0.1
      },
      "flowProperties": {
        "notReachedBecauseOfDataPath": [],
        "actualProcessingTime": 0.2,
        "processingCost": 5
      }
    },
    {
      "id": "prognosis",
      "label": "Logistics Team Prognosis",
      "type": "sink",
      "baseProperties": {
        "requiredMemory": 0
      },
      "flowProperties": {
        "notReachedBecauseOfDataPath": [],
        "actualProcessingTime": 0,
        "processingCost": 0
      }
    }
  ],
  "dataPaths": [
    {
      "from": "camera",
      "to": "cfd",
      "id": "07e2ea37-8c6b-45b3-bbbf-d0598c5633ac",
      "flowProperties": {
        "requiredBandwidth": 10,
        "involvedConnections": [
          "fde9de2f-d5a2-40a5-85c1-88083cc401b3",
          "761c4f33-cce9-4ae3-8e30-b4f7f5e9b4ee",
          "e090c13a-be19-49ae-8ead-e753ffab3f02"
        ],
        "notReachedBecauseOfDataPath": [],
        "transmissionTime": 0.06010000000000001,
        "transmissionCost": 50
      }
    },
    {
      "from": "cfd",
      "to": "cntrl",
      "id": "cd414013-5d5a-4d91-8545-36403cf7ca4f",
      "flowProperties": {
        "requiredBandwidth": 1,
        "involvedConnections": [
          "0873ddd5-0aed-4552-b1c5-d41fa9fda399",
          "c9dfaffd-44d7-4db1-910c-754462b27cc4"
        ],
        "notReachedBecauseOfDataPath": [],
        "transmissionTime": 0.060000000000000005,
        "transmissionCost": 5
      }
    },
    {
      "from": "cntrl2",
      "to": "adapt",
      "id": "e261a7fe-3223-4a28-80f3-ff569c35e7b0",
      "flowProperties": {
        "requiredBandwidth": 1,
        "involvedConnections": [
          "761c4f33-cce9-4ae3-8e30-b4f7f5e9b4ee",
          "83a921fa-9eb0-4fd9-96cd-090126fffc4b"
        ],
        "notReachedBecauseOfDataPath": [],
        "transmissionTime": 0.1,
        "transmissionCost": 10
      }
    },
    {
      "from": "sensor",
      "to": "adapt",
      "id": "7a3c4fdb-9dc9-49a5-b5f8-ef0483330460",
      "flowProperties": {
        "requiredBandwidth": 1,
        "involvedConnections": [
          "a6d6e909-f336-4832-8098-be1b34f0c833"
        ],
        "notReachedBecauseOfDataPath": [],
        "transmissionTime": 0.0001,
        "transmissionCost": 0
      }
    },
    {
      "from": "adapt",
      "to": "pkgcntrl",
      "id": "b0d9c9bc-62d3-4c6d-b0d7-6469b7636adf",
      "flowProperties": {
        "requiredBandwidth": 1,
        "involvedConnections": [],
        "notReachedBecauseOfDataPath": [],
        "transmissionTime": 0,
        "transmissionCost": 0
      }
    },
    {
      "from": "pkgcntrl2",
      "to": "aggregate",
      "id": "abcea7e3-995e-4370-8001-ab531d2d45ad",
      "flowProperties": {
        "requiredBandwidth": 1,
        "involvedConnections": [
          "e00850f0-b72e-426f-87fb-455ca818b967"
        ],
        "notReachedBecauseOfDataPath": [],
        "transmissionTime": 0.05,
        "transmissionCost": 5
      }
    },
    {
      "from": "aggregate",
      "to": "generatedashboard",
      "id": "b53d4224-aa16-46dc-b9f7-db24895025bc",
      "flowProperties": {
        "requiredBandwidth": 0.1,
        "involvedConnections": [
          "e090c13a-be19-49ae-8ead-e753ffab3f02",
          "d6840e20-c022-4ce3-9d66-cecd017b37ae"
        ],
        "notReachedBecauseOfDataPath": [],
        "transmissionTime": 0.11,
        "transmissionCost": 1
      }
    },
    {
      "from": "generatedashboard",
      "to": "centraldashboard",
      "id": "13b42291-0055-4735-ae5d-9a026d7e7e01",
      "flowProperties": {
        "requiredBandwidth": 1,
        "involvedConnections": [
          "cef59aa9-ac67-41c0-bef0-1176e9636d42"
        ],
        "notReachedBecauseOfDataPath": [],
        "transmissionTime": 0.05,
        "transmissionCost": 10
      }
    },
    {
      "from": "pkgcntrl2",
      "to": "predict",
      "id": "a0caed53-60c5-4de2-aec9-3326a3136515",
      "flowProperties": {
        "requiredBandwidth": 1,
        "involvedConnections": [
          "e00850f0-b72e-426f-87fb-455ca818b967",
          "e090c13a-be19-49ae-8ead-e753ffab3f02"
        ],
        "notReachedBecauseOfDataPath": [],
        "transmissionTime": 0.060000000000000005,
        "transmissionCost": 5
      }
    },
    {
      "from": "predict",
      "to": "prognosis",
      "id": "404a3013-1b14-4e0b-9f10-495729be0a48",
      "flowProperties": {
        "requiredBandwidth": 0.1,
        "involvedConnections": [],
        "notReachedBecauseOfDataPath": [],
        "transmissionTime": 0,
        "transmissionCost": 0
      }
    }
  ],
  "placements": {
    "centraldashboard": "office_datacenter",
    "prognosis": "fctry_datacenter",
    "pkgcntrl": "pack_cntrl",
    "camera": "camera",
    "cntrl": "prod_cntrl",
    "sensor": "sensor",
    "generatedashboard": "cloud",
    "cfd": "fctry_datacenter",
    "adapt": "pack_cntrl",
    "predict": "fctry_datacenter",
    "aggregate": "wgw"
  },
  "flowMetrics": {
    "coherentFlowExists": true,
    "totalProcessingCost": 765,
    "totalProcessingTime": 0.281,
    "totalTransmissionCost": 86,
    "totalTransmissionTime": 0.49019999999999997,
    "underProvisionedNodes": [],
    "underProvisionedConnections": [],
    "impossiblePaths": []
  }
}