{
  "nodes": [
    {
      "id": "sensor",
      "label": "Sensor",
      "baseProperties": {
        "availableMemory": 1,
        "memoryPrice": 500,
        "performanceIndicator": 0.001
      },
      "flowProperties": {
        "usedMemory": 0
      }
    },
    {
      "id": "pack_cntrl",
      "label": "Packaging Controller",
      "baseProperties": {
        "availableMemory": 1,
        "memoryPrice": 500,
        "performanceIndicator": 0.05
      },
      "flowProperties": {
        "usedMemory": 1
      }
    },
    {
      "id": "camera",
      "label": "Camera",
      "baseProperties": {
        "availableMemory": 1,
        "memoryPrice": 500,
        "performanceIndicator": 0.001
      },
      "flowProperties": {
        "usedMemory": 0
      }
    },
    {
      "id": "prod_cntrl",
      "label": "Production Controller",
      "baseProperties": {
        "availableMemory": 10,
        "memoryPrice": 250,
        "performanceIndicator": 0.05
      },
      "flowProperties": {
        "usedMemory": 0
      }
    },
    {
      "id": "wgw",
      "label": "Wireless Gateway",
      "baseProperties": {
        "availableMemory": 100,
        "memoryPrice": 250,
        "performanceIndicator": 0.1
      },
      "flowProperties": {
        "usedMemory": 10
      }
    },
    {
      "id": "fctry_datacenter",
      "label": "Factory Data Center",
      "baseProperties": {
        "availableMemory": 5000,
        "memoryPrice": 5,
        "performanceIndicator": 0.5
      },
      "flowProperties": {
        "usedMemory": 2510
      }
    },
    {
      "id": "office_datacenter",
      "label": "Central Office Data Center",
      "baseProperties": {
        "availableMemory": 100000,
        "memoryPrice": 10,
        "performanceIndicator": 10
      },
      "flowProperties": {
        "usedMemory": 1000
      }
    },
    {
      "id": "cloud",
      "label": "Cloud",
      "baseProperties": {
        "availableMemory": 50000,
        "memoryPrice": 1,
        "performanceIndicator": 10
      },
      "flowProperties": {
        "usedMemory": 0
      }
    }
  ],
  "connections": [
    {
      "from": "camera",
      "to": "prod_cntrl",
      "baseProperties": {
        "availableBandwidth": 100000000,
        "bandwidthPrice": 0,
        "latency": 0.0001
      },
      "id": "392407b2-d6f2-48d2-a0fa-2410e97be036",
      "flowProperties": {
        "usedBandwidth": 10
      }
    },
    {
      "from": "prod_cntrl",
      "to": "camera",
      "baseProperties": {
        "availableBandwidth": 100000000,
        "bandwidthPrice": 0,
        "latency": 0.0001
      },
      "id": "650a5514-96bf-49e9-807a-94dd5d8de49a",
      "flowProperties": {
        "usedBandwidth": 0
      }
    },
    {
      "from": "sensor",
      "to": "pack_cntrl",
      "baseProperties": {
        "availableBandwidth": 100000000,
        "bandwidthPrice": 0,
        "latency": 0.0001
      },
      "id": "11468d4f-c733-4236-9410-33338da161c3",
      "flowProperties": {
        "usedBandwidth": 1
      }
    },
    {
      "from": "pack_cntrl",
      "to": "sensor",
      "baseProperties": {
        "availableBandwidth": 100000000,
        "bandwidthPrice": 0,
        "latency": 0.0001
      },
      "id": "ea245085-ab98-4613-972b-03c3cafef955",
      "flowProperties": {
        "usedBandwidth": 0
      }
    },
    {
      "from": "prod_cntrl",
      "to": "wgw",
      "baseProperties": {
        "availableBandwidth": 1000000,
        "bandwidthPrice": 5,
        "latency": 0.05
      },
      "id": "4f756831-39ad-4bf8-ac8e-4cdf21e1a1b7",
      "flowProperties": {
        "usedBandwidth": 11
      }
    },
    {
      "from": "wgw",
      "to": "prod_cntrl",
      "baseProperties": {
        "availableBandwidth": 1000000,
        "bandwidthPrice": 5,
        "latency": 0.05
      },
      "id": "b2d1d7b1-c3f3-4ce7-8784-853519a0f3de",
      "flowProperties": {
        "usedBandwidth": 1
      }
    },
    {
      "from": "pack_cntrl",
      "to": "wgw",
      "baseProperties": {
        "availableBandwidth": 1000000,
        "bandwidthPrice": 5,
        "latency": 0.05
      },
      "id": "500207c3-3f41-4782-bb46-a11ce5dc3bec",
      "flowProperties": {
        "usedBandwidth": 2
      }
    },
    {
      "from": "wgw",
      "to": "pack_cntrl",
      "baseProperties": {
        "availableBandwidth": 1000000,
        "bandwidthPrice": 5,
        "latency": 0.05
      },
      "id": "f4e2a88a-511b-41ce-9292-e52db5075f39",
      "flowProperties": {
        "usedBandwidth": 1
      }
    },
    {
      "from": "wgw",
      "to": "fctry_datacenter",
      "baseProperties": {
        "availableBandwidth": 1000000000,
        "bandwidthPrice": 0,
        "latency": 0.01
      },
      "id": "2004ad04-6d82-420b-b43f-fbf57f3e3ac1",
      "flowProperties": {
        "usedBandwidth": 11.1
      }
    },
    {
      "from": "fctry_datacenter",
      "to": "wgw",
      "baseProperties": {
        "availableBandwidth": 1000000000,
        "bandwidthPrice": 0,
        "latency": 0.01
      },
      "id": "24e88826-2ed5-4270-9a0b-0adbb056e2f3",
      "flowProperties": {
        "usedBandwidth": 1
      }
    },
    {
      "from": "fctry_datacenter",
      "to": "office_datacenter",
      "baseProperties": {
        "availableBandwidth": 10000000000,
        "bandwidthPrice": 1,
        "latency": 0.05
      },
      "id": "c93b28cc-5231-4c96-b8e5-83c6f518f02a",
      "flowProperties": {
        "usedBandwidth": 2
      }
    },
    {
      "from": "office_datacenter",
      "to": "fctry_datacenter",
      "baseProperties": {
        "availableBandwidth": 10000000000,
        "bandwidthPrice": 1,
        "latency": 0.05
      },
      "id": "2f91c67b-cf5a-4436-a090-7e7db0eccf13",
      "flowProperties": {
        "usedBandwidth": 0.1
      }
    },
    {
      "from": "fctry_datacenter",
      "to": "cloud",
      "baseProperties": {
        "availableBandwidth": 1000000000,
        "bandwidthPrice": 10,
        "latency": 0.1
      },
      "id": "da6bd283-bb30-4fcd-8b96-f62b4e0f0141",
      "flowProperties": {
        "usedBandwidth": 0
      }
    },
    {
      "from": "cloud",
      "to": "fctry_datacenter",
      "baseProperties": {
        "availableBandwidth": 1000000000,
        "bandwidthPrice": 10,
        "latency": 0.1
      },
      "id": "34869470-8e5a-4776-a8f6-3952f4719bde",
      "flowProperties": {
        "usedBandwidth": 0
      }
    },
    {
      "from": "office_datacenter",
      "to": "cloud",
      "baseProperties": {
        "availableBandwidth": 10000000000,
        "bandwidthPrice": 10,
        "latency": 0.05
      },
      "id": "2d47721a-377f-4e5f-b756-865eeef2a576",
      "flowProperties": {
        "usedBandwidth": 0
      }
    },
    {
      "from": "cloud",
      "to": "office_datacenter",
      "baseProperties": {
        "availableBandwidth": 10000000000,
        "bandwidthPrice": 10,
        "latency": 0.05
      },
      "id": "46ac3e0b-862b-4dbe-a026-c9e5701f27e3",
      "flowProperties": {
        "usedBandwidth": 0
      }
    }
  ],
  "modules": [
    {
      "id": "camera",
      "label": "Camera",
      "type": "sensor",
      "baseProperties": {
        "mode": "individual",
        "requiredMemory": 0,
        "outputRate": 10
      },
      "flowProperties": {
        "notReachedBecauseOfDataPath": [],
        "actualProcessingTime": 0,
        "processingCost": 0
      }
    },
    {
      "id": "cfd",
      "label": "Check for Defects",
      "type": "service",
      "baseProperties": {
        "mode": "individual",
        "requiredMemory": 10,
        "outputRatio": 0.1,
        "referenceProcessingTime": 0.01
      },
      "flowProperties": {
        "notReachedBecauseOfDataPath": [],
        "actualProcessingTime": 0.02,
        "processingCost": 5
      }
    },
    {
      "id": "cntrl",
      "label": "Production Controller",
      "type": "sink",
      "baseProperties": {
        "requiredMemory": 0
      },
      "flowProperties": {
        "notReachedBecauseOfDataPath": [],
        "actualProcessingTime": 0,
        "processingCost": 0
      }
    },
    {
      "id": "cntrl2",
      "label": "Production Controller",
      "type": "sensor",
      "baseProperties": {
        "mode": "individual",
        "requiredMemory": 0,
        "outputRate": 1
      },
      "flowProperties": {
        "notReachedBecauseOfDataPath": [],
        "actualProcessingTime": 0,
        "processingCost": 0
      }
    },
    {
      "id": "sensor",
      "label": "Temperature Sensor",
      "type": "sensor",
      "baseProperties": {
        "mode": "individual",
        "requiredMemory": 0,
        "outputRate": 1
      },
      "flowProperties": {
        "notReachedBecauseOfDataPath": [],
        "actualProcessingTime": 0,
        "processingCost": 0
      }
    },
    {
      "id": "adapt",
      "label": "Adapt Machine",
      "type": "service",
      "baseProperties": {
        "mode": "individual",
        "requiredMemory": 1,
        "outputRatio": 0.5,
        "referenceProcessingTime": 0.002
      },
      "flowProperties": {
        "notReachedBecauseOfDataPath": [],
        "actualProcessingTime": 0.04,
        "processingCost": 500
      }
    },
    {
      "id": "pkgcntrl",
      "label": "Packaging Controller",
      "type": "sink",
      "baseProperties": {
        "requiredMemory": 0
      },
      "flowProperties": {
        "notReachedBecauseOfDataPath": [],
        "actualProcessingTime": 0,
        "processingCost": 0
      }
    },
    {
      "id": "pkgcntrl2",
      "label": "Packaging Controller",
      "type": "sensor",
      "baseProperties": {
        "mode": "individual",
        "requiredMemory": 0,
        "outputRate": 1
      },
      "flowProperties": {
        "notReachedBecauseOfDataPath": [],
        "actualProcessingTime": 0,
        "processingCost": 0
      }
    },
    {
      "id": "aggregate",
      "label": "Aggregate",
      "type": "service",
      "baseProperties": {
        "mode": "individual",
        "requiredMemory": 10,
        "outputRatio": 0.1,
        "referenceProcessingTime": 0.002
      },
      "flowProperties": {
        "notReachedBecauseOfDataPath": [],
        "actualProcessingTime": 0.02,
        "processingCost": 250
      }
    },
    {
      "id": "generatedashboard",
      "label": "Generate Dashboard",
      "type": "service",
      "baseProperties": {
        "mode": "individual",
        "requiredMemory": 2500,
        "outputRatio": 10,
        "referenceProcessingTime": 0.05
      },
      "flowProperties": {
        "notReachedBecauseOfDataPath": [],
        "actualProcessingTime": 0.1,
        "processingCost": 5
      }
    },
    {
      "id": "centraldashboard",
      "label": "Central Office Dashboard",
      "type": "sink",
      "baseProperties": {
        "requiredMemory": 0
      },
      "flowProperties": {
        "notReachedBecauseOfDataPath": [],
        "actualProcessingTime": 0,
        "processingCost": 0
      }
    },
    {
      "id": "predict",
      "label": "Predict Pickup",
      "type": "service",
      "baseProperties": {
        "mode": "individual",
        "requiredMemory": 1000,
        "outputRatio": 0.1,
        "referenceProcessingTime": 0.1
      },
      "flowProperties": {
        "notReachedBecauseOfDataPath": [],
        "actualProcessingTime": 0.01,
        "processingCost": 10
      }
    },
    {
      "id": "prognosis",
      "label": "Logistics Team Prognosis",
      "type": "sink",
      "baseProperties": {
        "requiredMemory": 0
      },
      "flowProperties": {
        "notReachedBecauseOfDataPath": [],
        "actualProcessingTime": 0,
        "processingCost": 0
      }
    }
  ],
  "dataPaths": [
    {
      "from": "camera",
      "to": "cfd",
      "id": "d33a386f-a936-41d8-91c0-53bf74a0ca5d",
      "flowProperties": {
        "requiredBandwidth": 10,
        "involvedConnections": [
          "392407b2-d6f2-48d2-a0fa-2410e97be036",
          "4f756831-39ad-4bf8-ac8e-4cdf21e1a1b7",
          "2004ad04-6d82-420b-b43f-fbf57f3e3ac1"
        ],
        "notReachedBecauseOfDataPath": [],
        "transmissionTime": 0.06010000000000001,
        "transmissionCost": 50
      }
    },
    {
      "from": "cfd",
      "to": "cntrl",
      "id": "3c38fffc-abd8-40f4-9c69-6fc64c4eba14",
      "flowProperties": {
        "requiredBandwidth": 1,
        "involvedConnections": [
          "24e88826-2ed5-4270-9a0b-0adbb056e2f3",
          "b2d1d7b1-c3f3-4ce7-8784-853519a0f3de"
        ],
        "notReachedBecauseOfDataPath": [],
        "transmissionTime": 0.060000000000000005,
        "transmissionCost": 5
      }
    },
    {
      "from": "cntrl2",
      "to": "adapt",
      "id": "8203d013-d3ba-4d6e-807c-677d90edc1db",
      "flowProperties": {
        "requiredBandwidth": 1,
        "involvedConnections": [
          "4f756831-39ad-4bf8-ac8e-4cdf21e1a1b7",
          "f4e2a88a-511b-41ce-9292-e52db5075f39"
        ],
        "notReachedBecauseOfDataPath": [],
        "transmissionTime": 0.1,
        "transmissionCost": 10
      }
    },
    {
      "from": "sensor",
      "to": "adapt",
      "id": "669bcd15-dda4-4aa0-8567-f44b4707bc0c",
      "flowProperties": {
        "requiredBandwidth": 1,
        "involvedConnections": ["11468d4f-c733-4236-9410-33338da161c3"],
        "notReachedBecauseOfDataPath": [],
        "transmissionTime": 0.0001,
        "transmissionCost": 0
      }
    },
    {
      "from": "adapt",
      "to": "pkgcntrl",
      "id": "c4022125-2c39-4dbf-b69e-e1a12048150e",
      "flowProperties": {
        "requiredBandwidth": 1,
        "involvedConnections": [],
        "notReachedBecauseOfDataPath": [],
        "transmissionTime": 0,
        "transmissionCost": 0
      }
    },
    {
      "from": "pkgcntrl2",
      "to": "aggregate",
      "id": "c34b654e-ae12-4717-8b5a-c03ce9aa065f",
      "flowProperties": {
        "requiredBandwidth": 1,
        "involvedConnections": ["500207c3-3f41-4782-bb46-a11ce5dc3bec"],
        "notReachedBecauseOfDataPath": [],
        "transmissionTime": 0.05,
        "transmissionCost": 5
      }
    },
    {
      "from": "aggregate",
      "to": "generatedashboard",
      "id": "6079d1d3-8840-46c8-87c9-b5f8985e1c7c",
      "flowProperties": {
        "requiredBandwidth": 0.1,
        "involvedConnections": ["2004ad04-6d82-420b-b43f-fbf57f3e3ac1"],
        "notReachedBecauseOfDataPath": [],
        "transmissionTime": 0.01,
        "transmissionCost": 0
      }
    },
    {
      "from": "generatedashboard",
      "to": "centraldashboard",
      "id": "9ca9df4a-c037-41d6-a900-f48874ef1ce4",
      "flowProperties": {
        "requiredBandwidth": 1,
        "involvedConnections": ["c93b28cc-5231-4c96-b8e5-83c6f518f02a"],
        "notReachedBecauseOfDataPath": [],
        "transmissionTime": 0.05,
        "transmissionCost": 1
      }
    },
    {
      "from": "pkgcntrl2",
      "to": "predict",
      "id": "2fa74ffb-a849-4acb-8fe4-8637bee6a9a3",
      "flowProperties": {
        "requiredBandwidth": 1,
        "involvedConnections": [
          "500207c3-3f41-4782-bb46-a11ce5dc3bec",
          "2004ad04-6d82-420b-b43f-fbf57f3e3ac1",
          "c93b28cc-5231-4c96-b8e5-83c6f518f02a"
        ],
        "notReachedBecauseOfDataPath": [],
        "transmissionTime": 0.11000000000000001,
        "transmissionCost": 6
      }
    },
    {
      "from": "predict",
      "to": "prognosis",
      "id": "3370ee8d-3821-45b2-b00c-8807d07db65d",
      "flowProperties": {
        "requiredBandwidth": 0.1,
        "involvedConnections": ["2f91c67b-cf5a-4436-a090-7e7db0eccf13"],
        "notReachedBecauseOfDataPath": [],
        "transmissionTime": 0.05,
        "transmissionCost": 0.1
      }
    }
  ],
  "placements": {
    "centraldashboard": "office_datacenter",
    "prognosis": "fctry_datacenter",
    "pkgcntrl": "pack_cntrl",
    "camera": "camera",
    "cntrl": "prod_cntrl",
    "sensor": "sensor",
    "generatedashboard": "fctry_datacenter",
    "aggregate": "wgw",
    "cfd": "fctry_datacenter",
    "adapt": "pack_cntrl",
    "predict": "office_datacenter"
  },
  "flowMetrics": {
    "coherentFlowExists": true,
    "totalProcessingCost": 770,
    "totalProcessingTime": 0.19,
    "totalTransmissionCost": 77.1,
    "totalTransmissionTime": 0.4902,
    "underProvisionedNodes": [],
    "underProvisionedConnections": [],
    "impossiblePaths": []
  }
}
